{"cameraMode":{"drawMode":0,"name":"Shaded","section":"Shading Mode"},"sceneLighting":true,"audioPlay":false,"sceneViewState":{"showFog":true,"showMaterialUpdate":true,"showSkybox":true,"showFlares":true,"showImageEffects":true,"showParticleSystems":true,"showVisualEffectGraphs":true,"m_FxEnabled":true},"in2DMode":false,"pivot":{"x":10.014181137084961,"y":2.174276351928711,"z":2.6647605895996095},"rotation":{"x":-0.20294880867004395,"y":0.11485080420970917,"z":-0.023976735770702363,"w":-0.9721371531486511},"size":24.756359100341798,"orthographic":false}