{"cameraMode":{"drawMode":0,"name":"Shaded","section":"Shading Mode"},"sceneLighting":true,"audioPlay":false,"sceneViewState":{"showFog":true,"showMaterialUpdate":true,"showSkybox":true,"showFlares":true,"showImageEffects":true,"showParticleSystems":true,"showVisualEffectGraphs":true,"m_FxEnabled":true},"in2DMode":false,"pivot":{"x":393.24365234375,"y":331.2034912109375,"z":254.04034423828126},"rotation":{"x":0.08090983331203461,"y":-0.007179724983870983,"z":0.0005829623551107943,"w":0.9966991543769836},"size":517.0448608398438,"orthographic":false}