{"cameraMode":{"drawMode":0,"name":"Shaded","section":"Shading Mode"},"sceneLighting":true,"audioPlay":false,"sceneViewState":{"showFog":true,"showMaterialUpdate":false,"showSkybox":true,"showFlares":true,"showImageEffects":true,"showParticleSystems":true,"showVisualEffectGraphs":true,"m_FxEnabled":true},"in2DMode":false,"pivot":{"x":40.33094024658203,"y":-95.66682434082031,"z":176.49444580078126},"rotation":{"x":0.22672322392463685,"y":0.11654878407716751,"z":-0.027337700128555299,"w":0.9665762782096863},"size":125.58488464355469,"orthographic":false}