{"cameraMode":{"drawMode":0,"name":"Shaded","section":"Shading Mode"},"sceneLighting":true,"audioPlay":false,"sceneViewState":{"showFog":true,"showMaterialUpdate":false,"showSkybox":true,"showFlares":true,"showImageEffects":true,"showParticleSystems":true,"showVisualEffectGraphs":true,"m_FxEnabled":true},"in2DMode":false,"pivot":{"x":-0.8015704154968262,"y":2.0119261741638185,"z":1.0571277141571046},"rotation":{"x":0.32042086124420168,"y":-0.30752289295196535,"z":0.1108207032084465,"w":0.8890954256057739},"size":5.592639446258545,"orthographic":true}