{"cameraMode":{"drawMode":0,"name":"Shaded","section":"Shading Mode"},"sceneLighting":true,"audioPlay":false,"sceneViewState":{"showFog":true,"showMaterialUpdate":false,"showSkybox":true,"showFlares":true,"showImageEffects":true,"showParticleSystems":true,"showVisualEffectGraphs":true,"m_FxEnabled":true},"in2DMode":false,"pivot":{"x":-8.788995742797852,"y":-0.7842788696289063,"z":11.997690200805664},"rotation":{"x":0.28755220770835879,"y":-0.26415562629699709,"z":0.08283501863479614,"w":0.9168962836265564},"size":19.713716506958009,"orthographic":true}