{"cameraMode":{"drawMode":0,"name":"Shaded","section":"Shading Mode"},"sceneLighting":true,"audioPlay":false,"sceneViewState":{"showFog":true,"showMaterialUpdate":true,"showSkybox":true,"showFlares":true,"showImageEffects":true,"showParticleSystems":true,"showVisualEffectGraphs":true,"m_FxEnabled":true},"in2DMode":false,"pivot":{"x":2.6720075607299806,"y":0.47154903411865237,"z":-2.310551643371582},"rotation":{"x":-0.053578298538923267,"y":0.9453694820404053,"z":-0.2032874971628189,"w":-0.24916082620620728},"size":7.244753360748291,"orthographic":false}