{"cameraMode":{"drawMode":0,"name":"Shaded","section":"Shading Mode"},"sceneLighting":true,"audioPlay":false,"sceneViewState":{"showFog":true,"showMaterialUpdate":false,"showSkybox":true,"showFlares":true,"showImageEffects":true,"showParticleSystems":true,"showVisualEffectGraphs":true,"m_FxEnabled":true},"in2DMode":false,"pivot":{"x":-6.586423397064209,"y":-0.4730358123779297,"z":8.532721519470215},"rotation":{"x":0.3101390600204468,"y":0.05557383596897125,"z":-0.018163753673434259,"w":0.9488927125930786},"size":10.907442092895508,"orthographic":true}