{"cameraMode":{"drawMode":0,"name":"Shaded","section":"Shading Mode"},"sceneLighting":true,"audioPlay":false,"sceneViewState":{"showFog":true,"showMaterialUpdate":false,"showSkybox":true,"showFlares":true,"showImageEffects":true,"showParticleSystems":true,"showVisualEffectGraphs":true,"m_FxEnabled":true},"in2DMode":false,"pivot":{"x":3.7509994506835939,"y":5.521805763244629,"z":-0.000044345855712890625},"rotation":{"x":-0.07479406893253327,"y":0.9081829786300659,"z":-0.18447521328926087,"w":-0.3682323694229126},"size":15.05601978302002,"orthographic":true}